NAME,DT,ID_RSSD,RISK2170,RISKB989,RISKM334,RISKM335,RISKM336,RISKM337,RISKM338,RISKM339,RISKM340,RISKM341,RISKM342,RISKM343,RISKM344,RISKM718,RISKM346,RISKM347,RISKM348,RISKM349,RISKM350,RISKM351,RISKJ458,RISKM352,RISKM353,RISKM354,RISKM345,RISKM355,RISKM356,RISKM357,RISKM358,RISKM359,RISKM360,RISKM361,RISKM362,RISKM363,RISKM364,RISKM365,RISKM366,RISKM367,RISKM368,RISKM369,RISKM370,RISKM371,RISKM372,RISKM373,RISK2309,RISKM374,RISKM375,RISKM376,RISKM377,RISKM378,RISKM379,RISKM380,RISKM381,RISKM382,RISKM383,RISKM384,RISKM385,RISKM386,RISKM387,RISKM388,RISKM389,RISKM390,RISKM405,RISKM406,RISKM407,RISKM408,RISKM409,RISKM410,RISKM411,RISKM412,RISKM413,RISK1773,RISKM414,RISKM415,RISKM416,RISKM417,RISKM418,RISKM419,RISKM420,RISKM421,RISK1754,RISKG506,RISKM422,RISKM423,RISKM424,RISKM425,RISKM426,RISK2948,RISKM427,RISKM428,RISKM429,RISKM430,RISKM431,RISKM432,RISKM433,RISKM434,RISKM435,RISKM436,RISKM437,RISKC490,RISKJ196,RISK8901,RISK8902,RISK9116,RISK4086,RISKN506,RISKN507,RISKN508,RISKN509,RISKN510,RISKN511,RISKN255
----,--,-------,--------,--------,--------,--------,--------,--------,--------,--------,--------,--------,--------,--------,--------,--------,--------,--------,--------,--------,--------,--------,--------,--------,--------,--------,--------,--------,--------,--------,--------,--------,--------,--------,--------,--------,--------,--------,--------,--------,--------,--------,--------,--------,--------,--------,--------,--------,--------,--------,--------,--------,--------,--------,--------,--------,--------,--------,--------,--------,--------,--------,--------,--------,--------,--------,--------,--------,--------,--------,--------,--------,--------,--------,--------,--------,--------,--------,--------,--------,--------,--------,--------,--------,--------,--------,--------,--------,--------,--------,--------,--------,--------,--------,--------,--------,--------,--------,--------,--------,--------,--------,--------,--------,--------,--------,--------,--------,--------,--------,--------,--------,--------,--------
ALLY FINANCIAL INC.                                                                                                     ,20141231,1562859,151828000,0,0,0,0,88000,68000,223000,0,0,13326000,0,13326000,150000,1617000,375000,3697600,1247000,154346600,3937000,0,136000,197000,74000,0,203000,110000,0,786000,86000,90000,NULL,5416000,0,9905000,3675000,0,87000,129000,NULL,13796000,47093000,22830000,2923000,0,31069000,11340000,116354000,0,0,54000,0,0,86000,1000,0,0,0,0,118249000,1000,118390000,0,0,0,0,6605000,55708000,62313000,0,NULL,18107000,18107000,NULL,NULL,NULL,NULL,NULL,NULL,NULL,0,50000,1843000,1953000,1625000,1294000,1622000,136428000,47998000,7316000,62000,10099000,12095000,0,774000,195000,192000,0,18,Christopher Halmy,3/6/2015,Edward Zwicky,704 444-5183,704 444-7841,edward.zwicky@ally.com,151896000,0,0,1099000,2542000,6476000,9089000
AMERICAN EXPRESS COMPANY                                                                                                ,20141231,1275216,159103000,204000,204000,0,0,711000,164000,378000,0,0,278071000,275442000,2629000,187000,118000,0,28490100,2780000,184977100,6478000,729000,0,39000,0,0,77000,1000,0,0,711000,285000,NULL,8243000,53000,1000,5609000,0,38000,93000,NULL,5794000,18672000,37066000,2225000,769000,8193000,95160000,162085000,0,0,0,0,0,0,0,0,0,0,0,140455000,1617000,140455000,0,0,0,0,7500000,40144000,47644000,0,NULL,4901000,4901000,NULL,NULL,NULL,NULL,NULL,NULL,NULL,0,0,27728000,21113000,12529000,8957000,17541000,138422000,47790000,34211000,9574000,35918000,100300000,204000,0,991000,164000,457000,44,Jeffrey C Campbell,3/5/2015,"Kanchan Roy, VP-U.S. Regulatory Reporting",203-658-9749,203-658-9361,kanchan.r.roy@aexp.com,159267000,0,0,0,1154000,14000,3733000
BANCWEST CORPORATION                                                                                                    ,20141231,1025608,89766710,0,0,0,0,312877,68852,299828,0,0,2814102,2257318,556784,3533352,17452089,527473,22094152,5240,111924474,737862,55891,0,197507,0,0,0,281221,0,0,11583,11699,NULL,1295763,1072800,1566356,5378547,0,201899,32988,NULL,8252590,0,197439,100000,0,11729578,0,12027017,17030,0,95551,15093,0,471439,86632,9494,3269,416506,2451,484562637,49068,485680102,2798946,0,0,0,1199734,17011360,18211094,6499,NULL,14225697,14232196,NULL,NULL,NULL,NULL,NULL,NULL,NULL,0,104505,726000,2532149,984011,0,1548138,77205855,34830499,2935089,-400,3245927,0,0,0,312877,317593,20708,2,Madhukar Dayal,3/6/2015,Hazel T. Domingo,925-843-8690,925-843-9968,Hazel.Domingo@bakofthewest.com,89835562,0,0,0,5645617,1411306,7175273
BANK OF AMERICA CORPORATION                                                                                             ,20141231,1073757,2106796000,191823000,316566689,101241351,0,50645000,48509000,243008377,1134732000,118399403,435912765,367389930,68064580,37043387,300330158,45512320,717245715,85807094,2810245959,54187000,38347492,828389,7303335,677471,1408204,4606104,13794495,3954070,30241571,31630921,130899626,NULL,305364434,17955509,20063806,0,83105067,36075503,70379768,NULL,227579653,26650660,173381934,42787000,50000,51805337,188140945,499710859,708696167,32687788,908604432,360157306,722906472,5291263340,1886622234,250243296,39208199,858818825,97332446,82027839916,887920242,93184380421,139555000,61483170,384428300,445911470,31240738778,20793420732,52034159510,296944398,NULL,286033000,582977398,NULL,NULL,NULL,NULL,NULL,NULL,NULL,59766000,22265000,350009000,304213000,100418000,74871000,278666000,1863308000,801959000,83927000,11287000,94861000,190664883,1076879521,1178494107,998524000,993249000,0,47,Bruce Thompson,3/5/2015,Laura Kempster/Managing Director,646/743-0989,646/855-5464,laura.kempster@bankofamerica.com,2178807338,47347767,149125832,16894983,200845043,152537785,229594570
"BANK OF NEW YORK MELLON CORPORATION, THE                                                                                ",20141231,3587146,385303000,20232000,20716000,0,72000,6311000,1589000,9755000,0,0,12128000,0,12128000,8637000,25038000,6560000,51202800,19947000,418631800,34331000,12600000,2868000,67000,0,1550000,498000,0,0,0,5364000,2666000,NULL,59446000,33553000,188559000,0,17108000,6440000,2892000,NULL,248552000,0,18300000,1558000,0,91000,45367000,66878000,370240000,7227000,136506000,66318000,575621000,5426669000,4329076000,436773000,233000,1418061000,52736000,205749931000,518287000,218569391000,24632807000,162000,4742000,4904000,275103000,911835000,1186938000,5174000,NULL,98330000,103504000,NULL,NULL,NULL,NULL,NULL,NULL,NULL,20933000,90000,94164000,212687000,62595000,23585000,173677000,346600000,15226000,15645000,5959000,15999000,46437000,32397000,32750000,24474000,24615000,0,35,Thomas P. Gibbons,3/6/2015,Marc Sanniola/Managing Director,212-635-1348,212-635-8750,marc.sanniola@bnymellon.com,387376000,0,0,1562000,41311000,37162000,25031000
BB&T CORPORATION                                                                                                        ,20141231,1074156,186813987,156707,156765,0,0,1122251,0,520762,0,0,18651548,8511146,10140402,3867542,26995572,4900027,38153458,7194453,217773050,546250,740742,201,2124,70,0,2282,290135,0,2002,10309,96220,NULL,1688053,385433,4135689,0,2622,3108,31529,NULL,4558381,1658745,12278955,4272493,179560,19048829,28027962,68023414,283707,173,1230712,162203,322,3415202,1150790,6852,599,341297,45152,804777345,388328,811414354,38953096,369442,5222118,5591560,19012291,52569543,71581834,481920,NULL,20907065,21388985,NULL,NULL,NULL,NULL,NULL,NULL,NULL,20240143,1939083,851000,1040000,1000,20000,1059000,162387875,77946097,9151336,21667,9919113,29276904,156707,65569,1122065,1012759,0,5,Daryl N. Bible,"March 06,","Blair Diamond, Regulatory Reporting Policy Manager",336-733-3979,336-733-0118,BDiamond@BBandT.com,186814045,4400,0,2556870,8049139,8781701,4558145
"BBVA COMPASS BANCSHARES, INC.                                                                                           ",20141231,1078529,83152427,566538,3100200,0,0,423983,61980,327107,0,0,3981183,3282021,699162,6233372,19540050,486383,26987319,5155342,107580046,1604205,2005408,196752,0,0,0,0,43846,0,2264,24138,20399,NULL,3897012,2621037,0,0,58,8822,26743,NULL,2656660,0,995692,825077,0,12666959,0,14487728,3717,41,24089,3617,17,175578,32250,714,3868,3810,195,244780116,85217,245028012,2616617,15071103,190970000,206041103,5011881,19988217,25000098,2553344,NULL,9737756,12291100,NULL,NULL,NULL,NULL,NULL,NULL,NULL,1348354,39401,1509000,2104000,175000,0,1929000,71148853,39536673,2851385,-92,3180146,12003574,3100200,2969345,485963,360825,265000,2,Angel Reglero,3/4/2015,"Chris Butler, SVP",205-297-3395,205-297-5747,chris.butler@bbva.com,85748069,2289,0,0,7652223,3836528,802349
BMO FINANCIAL CORP.                                                                                                     ,20141231,1245415,115879565,4227627,4431258,0,5046156,246736,90578,297641,0,0,9425569,4437586,4987983,4176166,22146329,11848349,39695504,0,155869278,11154155,3866011,632270,0,0,0,250,325108,0,284462,1793,367,NULL,16264166,725661,315,0,104506,47440,3319,NULL,881241,2375000,5145384,2751149,14773,10179258,0,20465564,7424531,0,6747310,685368,23536,25613244,22659597,7255159,357,18737749,536855,6089350793,6365218,6179034499,135147145,2152849,6248603,8401452,11656910,16105775,27762685,3135201,NULL,12123911,15259112,NULL,NULL,NULL,NULL,NULL,NULL,NULL,3211638,78019,7177000,7375000,198000,0,7177000,101481122,31656985,4045102,14647,4402250,0,8465499,7824886,231543,251009,0,4,Stephen Taylor,3/6/2015,Denise Jordan/Vice President,262-814-5631,262-814-5690,denise.jordan@bmo.com,116173774,284462,0,0,5884000,3808000,5567112
CAPITAL ONE FINANCIAL CORPORATION                                                                                       ,20141231,2277860,309083481,0,0,0,0,384352,695186,745739,801522,670572,293464323,293464323,0,3078793,21502192,4181742,58854898,15032261,353601304,11804201,4547708,0,30278,0,0,0,87387,0,0,389133,634327,NULL,17493034,19404,1437227,0,0,97757,127613,NULL,1682001,29773704,16053907,2629952,0,8316632,45682453,104286648,10976,22,30429,12916,21,206325,72705,8765,2697,22270,731,772218181,89687,772586038,4396411,523974,1890234,2414208,38153401,50485146,88638547,0,NULL,39506812,39506812,NULL,NULL,NULL,NULL,NULL,NULL,NULL,22500099,1545268,8878000,6167000,6163000,465498,469498,264028401,168474157,22264066,1578831,23842766,47818583,875910,869250,1091210,274985,4536314,6,Stephen S. Crawford,3/4/2015,"Ryan Hopson, Manager",804-525-0930,804-284-6365,ryan.hopson@capitalone.com,309778667,0,700401,1830000,15723985,12869742,10913085
CITIGROUP INC.                                                                                                          ,20141231,1951350,1842181000,242570000,298910000,0,0,66108000,97200000,220083000,1063858000,67941000,619786000,612049000,7736000,10589000,330690000,181498000,834614500,64458000,2765877500,57940000,33585000,9956000,12788000,1257000,325000,468000,16818000,5946000,59689000,58117000,72711000,NULL,317240000,52169000,176927000,0,67842000,65268000,96397000,NULL,458603000,44597000,135724000,24244000,16155000,110937000,163624000,505808000,1406969000,386761000,2403720000,2401684000,647719000,17362791000,6359135000,720854000,587911000,2330483000,487452000,239769927000,8810471000,274865406000,12520569000,62489000,308283000,370772000,28586034000,26366056000,54952090000,260010000,NULL,300143000,560153000,NULL,NULL,NULL,NULL,NULL,NULL,NULL,23921000,43018000,832923000,492705000,103341000,367074000,756438000,1630485000,241459000,78145000,39000000,91477000,170458000,333695000,381905000,878000000,872741000,2345901000,100,John C. Gerspach,3/6/2015,"Shirley C. Wong, Director",347-648-1073,347-648-6652,wongs@citi.com,1995721000,29775000,85847000,10527000,310480000,81043000,168630000
"CITIZENS FINANCIAL GROUP, INC.                                                                                          ",20141231,1132449,133000128,0,0,0,0,628719,2358,412718,1832412,1832412,31500138,8256189,23243949,74647,24463737,2349332,30450448,6089336,157363598,2911811,1798271,0,0,0,0,0,8423,0,0,10025,10025,NULL,4738555,4038671,1719026,0,0,27815,0,NULL,5785512,0,1500000,2350000,0,200000,4002460,8052460,14776,15,71773,49755,5140,275257,212788,8809,21374,45200,3446,1883079664,55921354,1883787997,3912695,0,0,0,5101413,41537440,46638853,0,NULL,18638577,18638577,NULL,NULL,NULL,NULL,NULL,NULL,NULL,5148120,860,1550000,947000,0,0,947000,113732265,33892671,4963504,0,5326840,4107110,0,0,789910,773408,0,2,John Fawcett,3/6/2015,"Jonathan Gaudioso, SVP",401-757-5430,401-757-5333,Jonathan.M.Gaudioso@citizensbank.com,133002486,0,1832412,0,5243574,12458301,936702
COMERICA INCORPORATED                                                                                                   ,20141231,1199844,69452409,0,0,0,0,684276,262496,332742,598442,598442,1646553,0,1646553,6027752,20440332,5930190,32895671,56473,102554103,2877860,2431043,0,0,0,50296,0,233047,0,0,336055,129271,NULL,6057572,651431,4062746,0,0,31231,11501,NULL,4756909,0,648984,2007934,0,4420972,8385231,15463121,22763,0,139171,9101,2056,546693,273773,6847,0,93731,12020,249254865,81026,250361020,55913242,0,1556000,1556000,2547934,19013377,21561311,94666,NULL,8115784,8210450,NULL,NULL,NULL,NULL,NULL,NULL,NULL,1935314,138553,2051000,3508000,2115000,269000,1662000,62049957,23388691,2529319,40385,2624014,9513172,0,0,892646,664816,26377653,4,Karen L. Parkhill,3/6/2015,"Linda L. Mangliers, SVP Financial Reporting",248-371-6853,248-371-6841,llmangliers@comerica.com,69714905,0,598442,0,1644212,5232383,1333855
DEUTSCHE BANK TRUST CORPORATION                                                                                         ,20141231,1032473,55541200,12910600,12910600,11946000,0,11000,47600,24000,0,0,0,0,0,11000,8393000,672000,9100000,42000,52700800,23880000,542000,0,0,0,0,0,800,0,0,0,0,NULL,24422800,1905000,24199000,0,0,0,0,NULL,26104000,0,0,158500,0,0,0,158500,0,0,0,0,0,0,0,0,0,0,0,76992937000,0,76992937000,0,0,0,0,0,9046000,9046000,0,NULL,127400,127400,NULL,NULL,NULL,NULL,NULL,NULL,NULL,0,83000,1074000,1000,1000,1000,1000,48153200,23205000,2383000,-4000,2502000,0,12910000,0,32000,37000,0,9,George Oommen,6/23/2015,Helen Wong-Lew,(212) 250-6737,(212) 797-5376,helen.wong-lew@db.com,43642800,0,0,0,109000,17500,900
DISCOVER FINANCIAL SERVICES                                                                                             ,20141231,3846375,83125845,0,0,0,0,43511,0,42754,0,0,168754219,168754219,0,383106,27892,0,17329174,269000,100186019,7332515,9500,0,0,0,0,4302,104736,0,0,43511,17469,NULL,7507731,92552,0,91971,0,24109,25285,NULL,233917,17394640,4450273,697916,0,27136268,29417341,79096438,121758,0,40184,34349,16347,1008563,322950,1766,645,126993,118703,319648705,371558,321440963,0,0,0,0,1350000,9877315,11227315,0,NULL,3951935,3951935,NULL,NULL,NULL,NULL,NULL,NULL,NULL,101507,7496,129000,0,0,18000,18000,71992140,45926898,8493241,15328,9578151,30032196,0,0,43511,24109,0,9,R. Mark Graf,2/27/2015,Tom Bonifas,224-405-1082,224-405-3542,TomBonifas@discover.com,83125845,0,0,0,1661509,1857837,432589
FIFTH THIRD BANCORP                                                                                                     ,20141231,1070345,138705640,0,0,0,0,1289521,790190,894289,1113375,781741,23866016,16406777,7459239,7518636,33607736,3453495,47860758,2411000,184945588,2339984,156260,0,40867,11239,0,2355,418176,0,0,5559,275503,NULL,3247588,1261119,1664021,0,0,11566,295150,NULL,3231856,3476392,7390704,3950871,0,6854420,16794077,38466464,4214,0,11470,4515,0,52519,25812,1102,2645,31497,476,1479764213,11137,1479898463,246920645,158684,5909742,6068426,9996845,52855928,62852773,359784,NULL,21807301,22167085,NULL,NULL,NULL,NULL,NULL,NULL,NULL,185548,535396,4463000,1446000,1176000,323000,593000,123040826,55283571,6028529,18879,6479025,20006000,0,995249,1988802,968980,30835,6,"Tayfun Tuzun, EVP/CFO",3/6/2015,"Jennifer Burgas, VP",513-534-1983,513-534-3614,jennifer.burgas@53.com,139495830,0,910340,0,9639098,7129058,5398929
"GOLDMAN SACHS GROUP, INC., THE                                                                                          ",20141231,2380443,856301000,301061000,331182000,0,0,63353000,103504000,318903000,1220735000,106852000,6510000,0,6510000,40590000,80287000,44608000,503074000,8987000,1484013000,45848000,20704000,1913000,7145000,370000,278000,938000,35049000,0,15272000,32132000,168240000,NULL,326951000,0,20789000,0,7061000,36054000,49501000,NULL,113405000,0,192130000,19363000,617000,25908000,83397000,328277000,395356000,7696000,321388000,157077000,437898000,1994702000,724866000,79027000,1222000,985047000,81117000,6120899000,1446355000,11306295000,1013139000,78000000,268000000,346000000,30835389000,22643230000,53478619000,255773000,NULL,47000,255820000,NULL,NULL,NULL,NULL,NULL,NULL,NULL,0,44666000,333240000,257720000,0,32092000,289812000,773100000,76798000,35124000,12900000,40167000,84939000,547982000,541467000,1035955000,968733000,0,50,Harvey M. Schwartz,3/4/2014,Lisanne Malandruccolo  / Vice President,212-357-8455,212-256-4782,lisanne.malandruccolo@gs.com,989926000,18035000,88522000,6862000,75597000,31477000,148746000
HSBC NORTH AMERICA HOLDINGS INC.                                                                                        ,20141231,3232316,290100702,64717729,90179811,3609880,0,5409769,4598063,27648073,123126762,31852408,8198017,5041576,3156441,659491,68366532,5855998,103831171,3472425,416909713,15096279,2471605,0,1321907,154246,0,0,9008,0,4752474,1686827,10952801,NULL,36445147,18579,22819005,6700129,112674,3198795,8429856,NULL,41279038,2489286,22055188,10744206,4770555,12151918,0,54211153,91945227,0,277755148,62567555,232931379,497527957,283949779,94550147,86661,236579529,15182009,1911631546,517166333,3704706937,39475866,1197707,50689353,51887060,1733913493,3003752630,4737666123,28652101,NULL,30140333,58792434,NULL,NULL,NULL,NULL,NULL,NULL,NULL,13473969,4231606,44431000,0,0,3000,3000,256703048,42705855,5889925,120913,7971462,0,184540588,182803015,75619385,74412997,229416382,5,GERARD MATTIA,3/6/2015,"M. WILLIAMS, DIRECTOR - REGULATORY REPORTING",2125255000,2125255568,MICHELLE.T.WILLIAMS@US.HSBC.COM,316550967,481275,40192832,2000000,11888379,3342903,43561152
HUNTINGTON BANCSHARES INCORPORATED                                                                                      ,20141231,1068191,66298010,0,0,0,0,327588,98451,485306,456730,456370,7189335,717432,6471903,4131755,8452042,540225,14336537,392385,80340613,1995381,73678,0,50695,82738,0,300,1269,0,0,6485,59894,NULL,2270140,1975,1243036,0,0,9273,19394,NULL,1273678,65000,2533961,978809,0,3486519,8568056,16114479,209998,192,2381095,89721,87436,4641561,2631266,241736,22902,441849,197219,420956679,788045,431901654,79217167,49853,1092632,1142485,6155159,22940923,29096082,42189,NULL,9053110,9095299,NULL,NULL,NULL,NULL,NULL,NULL,NULL,3379905,1568234,1529000,401000,401000,0,0,59969840,29345950,2801269,-10056,2940615,8714658,0,0,513414,353058,0,4,Howell D. McCullough III,2/27/2015,Mary Beth Noack,614-480-5378,888-490-6663,marybeth.noack@huntington.com,66396461,8276,456370,482134,3252394,2149774,3693131
JPMORGAN CHASE & CO.                                                                                                    ,20141231,1039502,2572773000,325457000,468175000,1177000,0,78974000,74032000,376835000,2097304000,68513000,560900000,524435000,36465000,80088000,412422000,49428000,1002298000,47531000,3743113000,73129000,72595000,19292000,24771000,1918000,922000,191000,20548000,2186000,20619000,27746000,202071000,NULL,461425000,95074000,275360000,37359000,32740000,27849000,102448000,NULL,570830000,42959000,187103000,34968000,78391000,45674000,232472000,641607000,4241555000,122143000,4080498000,2902447000,1155090000,55108022000,7602911000,1234629000,113263000,7808563000,1056601000,237748156000,14302302000,323173878000,21097734000,70460000,420238000,490698000,34745399000,30522950000,65268349000,272620000,NULL,297649000,570269000,NULL,NULL,NULL,NULL,NULL,NULL,NULL,49252000,50457000,616296000,661201000,183869000,148269000,625601000,2340554000,554741000,95386000,23747000,103283000,234602000,933847000,934876000,1294582000,1278939000,15867000,58,Marianne Lake,3/6/2015,"Andres A. Romero, VP",212-552-9263,212-552-0886,andres.a.romero@chase.com,2788346000,27435000,86525000,20040000,125889000,121095000,323285000
KEYCORP                                                                                                                 ,20141231,1068025,93882115,3110,3110,0,0,609491,517905,273695,103775,98775,12728171,3762109,8966062,5813361,21049370,18403861,46813192,791983,140421229,4519475,594038,0,121432,0,0,0,45926,0,88,55572,86800,NULL,5423331,280852,1671917,0,0,87283,99558,NULL,2139610,501874,5187305,2091111,0,5292186,11945707,25397323,3389,0,40742,3908,0,95266,33945,1886,3137,4718,2300,945573761,10846,945763052,89323601,949347,4888670,5838017,5537284,50105484,55642768,748571,NULL,13359713,14108284,NULL,NULL,NULL,NULL,NULL,NULL,NULL,5015868,632417,1903000,564000,564000,8000,8000,83339989,41590752,4075290,36836,4336225,12788480,4117,4029,1643193,1325666,9063353,20,"Donald R. Kimble, Chief Financial Officer",3/6/2015,"Ronald S. Lewis, Senior Vice President",216-689-5213,216-689-7108,Ronald_S_Lewis@KeyBank.com,94400020,88,98775,379140,5972450,6763895,1371939
M&T BANK CORPORATION                                                                                                    ,20141231,1037003,96687224,0,0,0,0,338855,0,135727,0,0,10625149,2215051,8410098,2341947,10877144,7779830,23654384,751817,119589791,1339784,662824,0,2885,111587,0,700,13534,0,0,101099,28354,NULL,2260067,1306734,2072836,0,1400000,187327,47151,NULL,5014048,0,4000051,2422383,0,2374591,16626343,25803718,70145,0,1709684,78357,0,1202956,379319,5518,659,165596,3377,1542672120,59559,1546287731,112906366,0,25633255,25633255,2570092,19578950,22149042,10033,NULL,9156382,9166415,NULL,NULL,NULL,NULL,NULL,NULL,NULL,3507868,68365,316901,195731,195731,36478,36478,84351328,38348460,4384692,35036,4665123,16930080,0,1457221,338855,212068,0,9,"Rene F. Jones, Executive Vice President",12/27/2015,"Barry Mckenzie, Vice President",(716) 842-5344,(716)279-4147,bmckenzie@mtb.com,96687224,1457221,0,380350,3241725,4806419,1118271
MORGAN STANLEY                                                                                                          ,20141231,2162966,801510000,219996000,293789921,0,0,36394043,63195108,200771000,913062000,68181450,0,0,0,49416905,82074368,7426362,358222635,15487000,1281234664,68060475,25938684,334971,2788953,840435,847885,49299,31592619,13143612,16517538,17265974,70666455,NULL,221710377,229837,1641500,460000,47240701,25237817,43550011,NULL,118359866,12084768,141328421,13207000,0,1384459,72620221,246186644,190873470,1238941441,317320111,211124074,403365989,1537797592,746137832,78142370,28675171,483693496,63273513,6341302679,1466748770,11640647738,1573836522,71644000,259700000,331344000,18705991605,15809898875,34515890480,358241692,NULL,69216000,427457692,NULL,NULL,NULL,NULL,NULL,NULL,NULL,100000,22137000,350157000,307896193,71771000,62056000,298181193,729406000,131298619,34180000,14300708,37858000,76088226,319475096,255273832,644247935,621698401,0,51,Paul Wirth,3/6/2015,Frank Tredici,212-276-2070,212-507-0495,Frank.Tredici@morganstanley.com,938499029,18534000,95157965,5561775,79668880,60813999,286974813
MUFG AMERICAS HOLDINGS CORPORATION                                                                                      ,20141231,1378434,113678090,62270,62270,0,0,911345,360606,457534,0,0,0,0,0,2485284,22560389,16965093,42471023,2608335,153901384,6883741,3833555,0,0,0,0,0,3699,0,2723,139876,107844,NULL,10971438,1267219,3878690,0,0,163061,53968,NULL,5362938,0,4345384,1812590,2592914,9438092,0,18188980,28568,2634,320957,24309,200861,880033,457110,7774,3367,435926,6183,945147547,239426,947515269,128819093,0,0,0,21538472,50139635,71678107,203879,NULL,13724282,13928161,NULL,NULL,NULL,NULL,NULL,NULL,NULL,8290908,2102106,4097000,3069000,631000,1000,2439000,98463560,37668143,3972688,67543,4380773,0,62270,67736,1747763,1462980,7052076,3,John F. Woods,3/5/2015,"Annette Hackett, Managing Director - Regulatory Reporting",415-765-2496,415-765-2230,annette.hackett@unionbank.com,114038696,2723,0,0,524872,6106179,7297110
NORTHERN TRUST CORPORATION                                                                                              ,20141231,1199611,109946485,1000000,1000000,0,0,2249951,315831,1742441,0,0,0,0,0,7517216,28357064,4223631,41853150,546000,151569466,36699246,1600886,1654079,1238887,0,0,924328,0,0,12798,1211168,785527,NULL,43202591,686355,15386330,0,71526,313274,1110313,NULL,17567798,1500000,2645406,1860540,0,1757419,8060398,16212311,361113695,27262251,443202224,181768569,9751037,4201288291,5180263723,114354007,27742068,353279701,567323540,23866618959,1028123601,35333968065,5968800000,0,0,0,1499172,268554331,270053503,4741,NULL,29558497,29563238,NULL,NULL,NULL,NULL,NULL,NULL,NULL,3246430,18109,26139000,64577000,25373000,11311000,50515000,101497539,11778053,4338357,1020981,4519787,16568690,1862674,1921650,4507229,4227383,0,20,Biff Bowman,3/5/2015,Rachelle Saieg/Vice President,312-444-4924,312-630-6107,rm87@ntrs.com,110262316,12798,0,388548,8991000,13080000,7492238
"PNC FINANCIAL SERVICES GROUP, INC., THE                                                                                 ",20141231,1069778,345243081,1652385,1652385,0,0,2587000,506000,1133000,2796423,2734000,36680000,17026000,19654000,21432000,77966000,20814000,125059000,10883000,459925081,8033000,2571000,140000,440000,59000,0,9000,6866000,375000,177000,251000,474000,NULL,18636000,561000,7140000,0,152000,227000,262000,NULL,8342000,0,15750000,9151078,4995348,406000,47732000,78034804,11273000,0,38738000,10744000,305000,32288000,14535000,651000,29000,6516000,5187000,2478185000,10779000,2598451000,171000000,419000,12321000,12740000,144294000,134115000,278409000,2353000,NULL,44234612,46587612,NULL,NULL,NULL,NULL,NULL,NULL,NULL,11588146,10257987,5343000,5251000,2618000,26000,2659000,299168764,142730000,15366484,176000,16272884,48901000,3681000,3656000,5745000,3984000,134876000,9,ROBERT Q. REILLY,3/6/2015,PATRICIA PONGIBOVE/VICE PRESIDENT,412-762-4350,412-705-1501,patricia.pongibove@pnc.com,345749081,46000,2734000,378,19031000,11172000,16384612
REGIONS FINANCIAL CORPORATION                                                                                           ,20141231,3242838,119888669,100000,100000,105001,0,0,111280,410402,1024779,1024779,11816382,5235210,6581171,5846922,26381126,2472433,36292522,5030707,151156763,490882,0,806,161799,3902,0,0,44353,0,0,370347,242161,NULL,1314250,7545,6493720,0,0,162335,168240,NULL,6831840,0,1247729,2158479,0,8594146,14297627,27305881,202207,0,1292822,131220,21564,3751522,1896466,26306,4770,210487,12372,793280102,475781,800829838,17108381,99948,1300257,1400205,30283421,48953097,79236518,105900,NULL,22052868,22158768,NULL,NULL,NULL,NULL,NULL,NULL,NULL,2174579,275713,937000,748000,265000,0,483000,102900508,49536361,5206339,-253,5515371,15685963,100000,0,1232720,1271907,2831730,1,"David J. Turner, Jr.",3/4/2015,"Michael Cooley / SVP, Regulation W Officer",(205) 326-5320,(205) 326-4922,michael.cooley@regions.com,119894948,0,1024779,1007900,4415543,12929454,4813771
"SANTANDER HOLDINGS USA, INC.                                                                                            ",20141231,3981856,118353279,0,0,0,0,366061,5940,416104,256565,256565,6876666,1063116,0,7854964,18578713,1868057,34637700,6638562,146358357,1177601,940648,108239,1480600,0,0,0,10343,0,0,48809,55115,NULL,3821355,131493,1447322,5440810,0,189896,80427,NULL,7289948,11691889,1573909,909381,0,7311308,0,21681932,24429,0,456024,19327,0,888875,295017,102,0,9551,7643,49880223,421257,51581191,0,0,0,0,22695603,26309894,49005497,833936,NULL,15908078,16742014,NULL,NULL,NULL,NULL,NULL,NULL,NULL,0,2261671,3785125,1207068,632999,0,574069,95849184,32582674,10840522,12554,11895245,0,0,0,387170,374991,784601,3,Guillermo Sabater,3/6/2015,"Sean Mulcahy, Director of Financial Reporting",6102086435,6103715438,smulcahy@santander.us,118359219,0,256565,195445,4204119,3415311,9122584
STATE STREET CORPORATION                                                                                                ,20141231,1111435,274119072,2389657,30423184,45144145,7435293,9815545,0,7366870,0,0,0,0,0,19160798,9721121,4720499,42414396,7211195,292211655,16305838,2703883,3642243,922997,304212,0,800294,100041,0,1445101,9093536,3848330,NULL,38366181,5585865,176681907,690000,21912239,6335657,2833201,NULL,214038869,0,5769000,3504184,2484936,13764500,32592819,60107009,442976938,118146278,1253091632,693756343,223595201,10359823627,3322774977,501647772,0,2584434900,129017872,51385504701,1243609247,71014770241,21656000000,0,0,0,3475000,1235712564,1239187564,625720,NULL,95192240,95817960,NULL,NULL,NULL,NULL,NULL,NULL,NULL,17723133,5446184,74588706,102720000,455000,36536000,138801000,252643894,0,10302099,4683000,10725161,33597592,68197198,67443929,15147945,15130343,0,29,Michael W. Bell,3/5/2015,"Nicholas Edmonds, Vice President",617-664-9361,617-664-0266,njedmonds@statestreet.com,257008454,1445108,0,1991570,19323935,42511385,33982640
"SUNTRUST BANKS, INC.                                                                                                    ",20141231,1131787,190446755,1122202,1122202,0,0,1398424,449385,2188509,2282006,3475,20369199,6675372,10857709,6800651,44883280,9138925,67681230,6094193,252483177,1554544,378269,0,47269,0,0,0,0,0,82326,99695,1358095,NULL,3520198,122976,277713,0,20332,133748,726924,NULL,1281693,8969064,5126768,2609877,0,11832064,21978212,51740993,133929,2427,622678,68544,4971,2479952,591455,21894,14394,67721,161642,777550008,260248,781719615,58848509,1123948,10746815,11870763,34071378,161831180,195902558,2282922,NULL,25991863,28274785,NULL,NULL,NULL,NULL,NULL,NULL,NULL,0,2450076,1963000,2066344,377993,375000,2063351,167442065,87721175,8377752,-123,8923183,22392522,2602261,3037815,5098065,5099516,61690,3,Aleem Gillani,3/3/2015,April Thompson First Vice President,404-588-8482,404-827-6501,april.thompson@suntrust.com,190896140,80439,4300,1225008,12015484,12927533,3331768
TD BANK US HOLDING COMPANY                                                                                              ,20141231,1249196,248144842,0,0,0,0,2798541,1739795,2307289,5000,5000,39118702,29716084,9402618,10229470,24676313,6803559,47928501,14181279,283631859,4675351,2724547,3374684,401502,0,0,408,1029350,0,14926,194102,0,NULL,12414462,461078,3968576,0,0,36191,6399,NULL,4472244,0,0,1759039,0,7906687,0,9665726,9338,0,206009,14154,0,269677,79669,4634,9580,7894,5478,2416744021,21289,2417350454,9512576,0,0,0,143021501,91572308,234593809,48527,NULL,50259171,50307698,NULL,NULL,NULL,NULL,NULL,NULL,NULL,34293681,1498489,28605000,4153000,2347000,0,1806000,222310854,158550032,7650287,-1384,8416973,0,1504107,1489181,4083248,1341731,102996,2,Steve Boyle,3/5/2015,Marci Amos,207-535-2411,207-761-9591,Marcia.Amos@td.com,249884637,0,5000,0,3764623,7234789,39308286
U.S. BANCORP                                                                                                            ,20141231,1119794,402529000,40000,40000,0,0,1198000,258000,2303000,2227000,2122000,115907000,99879000,16028000,415000,111210000,19468000,145023700,9055000,538755700,8577000,5630000,0,0,614000,0,0,216000,0,36000,22000,35000,NULL,15130000,1835000,11865000,37000,1000,58000,180000,NULL,13976000,3386000,21269000,3983000,22197000,38567000,80274000,174515000,7628000,3086000,39285000,2478000,396000,216129000,144426000,732000,16000,7558000,4069000,7346793000,48968000,7772596000,1102084000,68000,27449000,27517000,32975000,103425000,136400000,830000,NULL,56069000,56899000,NULL,NULL,NULL,NULL,NULL,NULL,NULL,44974000,3754000,3192000,61001000,34715000,6445000,32731000,358361000,117476000,19936000,591000,21389000,82026000,1691000,1654000,2068000,2189000,0,16,Andrew Cecere,3/3/2015,Jordan Schmaltz,612-303-4346,612-303-4804,jordan.schmaltz@usbank.com,402787000,37000,2182000,4839000,19470000,23599000,13830000
WELLS FARGO & COMPANY                                                                                                   ,20141231,1120754,1687155000,41581000,48058000,0,0,22605000,5168000,36004000,12304000,7192000,190953000,107252000,83701000,45939000,260305000,160254000,522734300,29782000,2191752300,62327000,49827000,3205000,4590000,1988000,0,0,3253000,13000,753000,14496000,26581000,NULL,167007000,40644000,114621000,0,556000,9814000,5206000,NULL,170841000,0,97564000,35209000,2456000,150760000,283439000,590283000,49030000,73000,78631000,3975000,178000,485926000,149073000,6278000,400000,95461000,6596000,33419486000,109203000,34295107000,2500000000,13587000,154094000,167681000,3827437000,1815711000,5643148000,59914000,NULL,257956000,317870000,NULL,NULL,NULL,NULL,NULL,NULL,NULL,55483000,32324000,100542000,258157000,119604000,8943000,147496000,1501758000,644555000,83953000,1023000,87978000,287881000,90106000,90063000,78807000,80866000,106968000,30,John R. Shrewsberry,3/6/2015,Peter J. Storrs,612-667-9565,612-667-3659,peter.j.storrs@wellsfargo.com,1698800000,1137000,8284000,20855000,49752000,132897000,135221000
ZIONS BANCORPORATION                                                                                                    ,20141231,1027004,57208874,1193293,1193293,1193293,0,228152,0,0,125,125,4058672,1549956,2377359,6249701,10831814,797704,18404572,29000,74391153,1108965,177854,0,0,457598,0,163235,0,0,260,8,1257,NULL,1745942,472872,2178683,0,2714,44798,14274,NULL,2713341,0,432385,635174,0,2498984,5787955,9868090,311262,0,920055,23018,8474,1003777,524161,4667,16683,487724,6106,413813464,456596,417119391,3580745,0,155175,155175,548107,2521945,3070052,94852,NULL,3844248,3939100,NULL,NULL,NULL,NULL,NULL,NULL,NULL,647252,514049,95170,629230,0,0,629230,49839344,21215777,2183811,0,2356795,6098865,1244535,1245984,48287,50669,260,2,Alexander J. Hume,3/6/2015,Marc M. Nadauld Assistant Controller,801-844-7664,801-524-2129,marc.nadauld@zionsbancorp.com,56015581,1265,125,513592,1820533,477903,1640664
